{
  "name": "Non-Disclosure Agreement",
  "description": "Standard NDA for protecting confidential information",
  "required_variables": ["party_a", "party_b", "effective_date", "jurisdiction"],
  "optional_variables": ["duration", "territory", "permitted_disclosures"],
  "template": "NON-DISCLOSURE AGREEMENT\n\nThis Non-Disclosure Agreement (\"Agreement\") is entered into as of {{ effective_date }} (\"Effective Date\") by and between {{ party_a }} (\"Disclosing Party\") and {{ party_b }} (\"Receiving Party\").\n\n1. CONFIDENTIAL INFORMATION\n\nConfidential Information means all non-public information disclosed by Disclosing Party to Receiving Party, whether orally, in writing, or by any other means, including but not limited to: business plans, technical data, trade secrets, customer lists, financial information, and marketing strategies.\n\n2. OBLIGATIONS OF RECEIVING PARTY\n\nReceiving Party agrees to:\n(a) Keep Confidential Information strictly confidential\n(b) Use Confidential Information only for the purpose of evaluating a potential business relationship\n(c) Protect Confidential Information using the same degree of care used for its own confidential information, but no less than reasonable care\n(d) Limit access to Confidential Information to employees and contractors with a need to know\n\n3. EXCLUSIONS\n\nConfidential Information does not include information that:\n(a) Is or becomes publicly available through no breach of this Agreement\n(b) Was rightfully possessed by Receiving Party prior to disclosure\n(c) Is independently developed by Receiving Party without reference to Confidential Information\n(d) Is rightfully received by Receiving Party from a third party without confidentiality obligations\n\n4. TERM\n\nThis Agreement shall remain in effect for a period of {{ duration | default('2 years') }} from the Effective Date, unless earlier terminated by either party upon written notice.\n\n5. RETURN OF INFORMATION\n\nUpon request or termination of this Agreement, Receiving Party shall promptly return or destroy all Confidential Information and certify such destruction in writing.\n\n6. GOVERNING LAW\n\nThis Agreement shall be governed by the laws of {{ jurisdiction }}, without regard to its conflict of law principles.\n\n7. NO LICENSE\n\nNo license or right is granted under this Agreement except the limited right to use Confidential Information for evaluation purposes.\n\n8. ENTIRE AGREEMENT\n\nThis Agreement constitutes the entire agreement between the parties concerning the subject matter and supersedes all prior negotiations and agreements.\n\nIN WITNESS WHEREOF, the parties have executed this Agreement as of the Effective Date.\n\n{{ party_a }}\n\nBy: _________________________\nName: _______________________\nTitle: ________________________\nDate: ________________________\n\n{{ party_b }}\n\nBy: _________________________\nName: _______________________\nTitle: ________________________\nDate: ________________________"
}
