[
  {
    "id": "grilled-chicken-salad",
    "name": "Grilled Chicken Salad",
    "ingredients": ["chicken breast", "spinach", "tomatoes", "olive oil", "lemon"],
    "macros": {"calories": 350, "protein": 45, "carbs": 15, "fat": 12},
    "prep_time": 20,
    "dietary_tags": ["gluten-free", "paleo", "keto-friendly"]
  },
  {
    "id": "vegetable-stir-fry",
    "name": "Vegetable Stir Fry",
    "ingredients": ["broccoli", "carrots", "bell pepper", "garlic", "soy sauce", "rice"],
    "macros": {"calories": 280, "protein": 8, "carbs": 45, "fat": 6},
    "prep_time": 25,
    "dietary_tags": ["vegan", "vegetarian"]
  },
  {
    "id": "pasta-primavera",
    "name": "Pasta Primavera",
    "ingredients": ["pasta", "tomatoes", "zucchini", "basil", "olive oil"],
    "macros": {"calories": 420, "protein": 14, "carbs": 65, "fat": 10},
    "prep_time": 30,
    "dietary_tags": ["vegetarian"]
  }
]
