{
  "id": "customer-enrichment-v1",
  "name": "Customer Enrichment Pipeline",
  "description": "Load customer CSV, clean data, enrich with AI analysis, filter and export",
  "nodes": [
    {
      "id": "input-1",
      "type": "InputCSV",
      "config": {
        "filepath": "customers.csv"
      }
    },
    {
      "id": "clean-1",
      "type": "CleanData",
      "config": {
        "fill_method": "drop"
      }
    },
    {
      "id": "transform-1",
      "type": "TransformData",
      "config": {
        "rename_columns": {
          "cust_id": "customer_id",
          "email_addr": "email"
        },
        "calculations": [
          {
            "name": "lifetime_value_tier",
            "formula": "pd.cut(lifetime_value, bins=[0, 1000, 5000, 100000], labels=['bronze', 'silver', 'gold'])"
          }
        ]
      }
    },
    {
      "id": "enrich-1",
      "type": "AIEnrich",
      "config": {
        "prompt_template": "Analyze this customer data and provide a brief industry: {name}, {company}. Respond with just the industry.",
        "output_field": "industry"
      }
    },
    {
      "id": "filter-1",
      "type": "FilterRows",
      "config": {
        "filters": [
          {
            "column": "lifetime_value",
            "operator": ">",
            "value": 1000
          }
        ]
      }
    },
    {
      "id": "output-1",
      "type": "OutputCSV",
      "config": {
        "filepath": "enriched_customers.csv"
      }
    }
  ],
  "connections": [
    { "from": "input-1", "to": "clean-1" },
    { "from": "clean-1", "to": "transform-1" },
    { "from": "transform-1", "to": "enrich-1" },
    { "from": "enrich-1", "to": "filter-1" },
    { "from": "filter-1", "to": "output-1" }
  ]
}
