customer_id,tenure_months,monthly_charges,total_charges,contract_type,support_tickets,churned
CUST001,2,29.85,56.95,month-to-month,0,0
CUST002,34,56.95,1889.50,one-year,2,0
CUST003,2,53.85,108.15,month-to-month,3,1
CUST004,45,42.30,1840.75,two-year,1,0
CUST005,2,70.70,151.65,month-to-month,5,1
CUST006,8,29.75,267.40,month-to-month,1,0
CUST007,22,65.45,1436.90,one-year,2,0
CUST008,10,54.30,571.45,month-to-month,4,1
CUST009,48,79.85,3801.25,two-year,0,0
CUST010,12,65.50,786.00,month-to-month,2,1
CUST011,6,52.35,307.20,month-to-month,3,1
CUST012,30,42.30,1281.70,one-year,1,0
CUST013,3,75.60,221.95,month-to-month,6,1
CUST014,40,55.45,2198.10,two-year,2,0
CUST015,18,45.30,815.40,one-year,2,0
CUST016,5,48.75,265.45,month-to-month,4,1
CUST017,38,69.95,2657.05,one-year,1,0
CUST018,1,65.45,65.45,month-to-month,7,1
CUST019,26,52.85,1374.10,one-year,2,0
CUST020,44,71.30,3137.20,two-year,0,0
